Workbook

Sheet Data
A1: Call Center Quarterly Report
A2: Department | B2: Q1 | C2: Q2 | D2: Q3 | E2: Q4 | F2: Total
A3: Help Desk | B3: 500 | C3: 606 | D3: 1088 | E3: 1122 | F3: =SUM(B3:E3) -> 3316
A4: Marketing | B4: =SUM(B3-300) -> 200 | C4: =SUM(C3-300) -> 306 | D4: =SUM(D3-300) -> 788 | E4: =SUM(E3-300) -> 822 | F4: =SUM(B4:E4) -> 2116
A5: IT | B5: =SUM(B3+90) -> 590 | C5: =SUM(C3+90) -> 696 | D5: =SUM(D3+90) -> 1178 | E5: =SUM(E3+90) -> 1212 | F5: =SUM(B5:E5) -> 3676
A6: Procurement | B6: =SUM(B4+90) -> 290 | C6: =SUM(C4+90) -> 396 | D6: =SUM(D4+90) -> 878 | E6: =SUM(E4+90) -> 912 | F6: =SUM(B6:E6) -> 2476
A7: Supply Chain | B7: =SUM(B5+90) -> 680 | C7: =SUM(C5+90) -> 786 | D7: =SUM(D5+90) -> 1268 | E7: =SUM(E5+90) -> 1302 | F7: =SUM(B7:E7) -> 4036
A8: Accounting | B8: 500 | C8: 250 | D8: 376 | E8: 809 | F8: =SUM(B8:E8) -> 1935

Sheet Dashboard
A1: Select Department: | B1: Procurement
A3: Q1 | B3: =_xlfn.XLOOKUP(B1,Data!A3:A8,Data!B3:B8) -> 290
A4: Q2 | B4: =_xlfn.XLOOKUP(B1,Data!A3:A8,Data!C3:C8) -> 396
A5: Q3 | B5: =_xlfn.XLOOKUP(B1,Data!A3:A8,Data!D3:D8) -> 878
A6: Q4 | B6: =_xlfn.XLOOKUP(B1,Data!A3:A8,Data!E3:E8) -> 912
A7: Total | B7: =_xlfn.XLOOKUP(B1,Data!A3:A8,Data!F3:F8) -> 2476
A9: Call Center Dashboard – XLOOKUP Version
